{
  "timestamp": "2025-08-12T18:29:02.335Z",
  "configuration": {
    "total": 9,
    "passed": 9,
    "failed": 0,
    "successRate": 100,
    "results": {
      "server": [
        {
          "name": "Port Configuration",
          "status": "PASS"
        },
        {
          "name": "Host Binding",
          "status": "PASS"
        },
        {
          "name": "Environment Detection",
          "status": "PASS"
        }
      ],
      "scripts": [
        {
          "name": "Start Script",
          "status": "PASS"
        },
        {
          "name": "Build Script",
          "status": "PASS"
        },
        {
          "name": "Development Script",
          "status": "PASS"
        }
      ],
      "platform": [
        {
          "name": "Railway Config",
          "status": "PASS"
        },
        {
          "name": "Docker Support",
          "status": "PASS"
        },
        {
          "name": "Environment Template",
          "status": "PASS"
        }
      ]
    }
  },
  "build": false,
  "platforms": {
    "railway": "READY",
    "vercel": "READY",
    "docker": "READY"
  }
}