{
  "timestamp": "2025-08-12T18:41:01.960Z",
  "allPassed": false,
  "successRate": 80,
  "results": {
    "dependencies": {
      "passed": false,
      "name": "Dependency Compatibility"
    },
    "configuration": {
      "passed": true,
      "name": "Start Commands & Port Configuration"
    },
    "resources": {
      "passed": true,
      "name": "Resource Optimization"
    },
    "build": {
      "passed": true,
      "name": "Build Process"
    },
    "platform": {
      "passed": true,
      "name": "Platform Configurations"
    }
  },
  "deploymentReady": false
}