{
  "timestamp": "2025-08-12T18:40:42.820Z",
  "successRate": 100,
  "summary": "PERFECT",
  "validationResults": {
    "startCommands": {
      "passed": true,
      "details": [
        {
          "name": "Development start command",
          "check": true,
          "expected": "NODE_ENV=development tsx server/index.ts",
          "status": "PASS"
        },
        {
          "name": "Production start command",
          "check": true,
          "expected": "NODE_ENV=production node dist/index.js",
          "status": "PASS"
        },
        {
          "name": "Build command",
          "check": true,
          "expected": "vite build && esbuild server/index.ts...",
          "status": "PASS"
        }
      ]
    },
    "portConfiguration": {
      "passed": true,
      "details": [
        {
          "name": "Uses process.env.PORT",
          "check": true,
          "details": "Server reads port from environment variable",
          "status": "PASS"
        },
        {
          "name": "Has fallback port",
          "check": true,
          "details": "Server has default port for development",
          "status": "PASS"
        },
        {
          "name": "Proper port parsing",
          "check": true,
          "details": "Port is parsed as integer",
          "status": "PASS"
        }
      ]
    },
    "hostBinding": {
      "passed": true,
      "details": [
        {
          "name": "Binds to 0.0.0.0",
          "check": true,
          "details": "Server accepts connections from any IP (container-friendly)",
          "status": "PASS"
        },
        {
          "name": "Not hardcoded to localhost",
          "check": true,
          "details": "Avoids localhost binding issues in containers",
          "status": "PASS"
        }
      ]
    },
    "environmentVariables": {
      "passed": true,
      "details": [
        {
          "name": "NODE_ENV detection",
          "check": true,
          "details": "Server detects development vs production",
          "status": "PASS"
        },
        {
          "name": "Environment template exists",
          "check": true,
          "details": "Template for required environment variables",
          "status": "PASS"
        }
      ]
    },
    "buildProcess": {
      "passed": true,
      "details": [
        {
          "name": "Server bundle created",
          "check": true,
          "details": "Compiled server JavaScript exists",
          "status": "PASS"
        },
        {
          "name": "Client build created",
          "check": true,
          "details": "Client build artifacts exist",
          "status": "PASS"
        }
      ]
    },
    "platformReadiness": {
      "passed": true,
      "platforms": {
        "railway": "READY",
        "vercel": "READY",
        "docker": "READY"
      }
    }
  }
}