{
  "name": "teleshop-bot",
  "version": "1.0.0",
  "type": "module",
  "license": "MIT",
  "description": "TeleShop Bot - Complete E-commerce System for Railway",
  "main": "dist/index.js",
  "engines": {
    "node": ">=18.0.0"
  },
  "scripts": {
    "dev": "NODE_ENV=development tsx server/index.ts",
    "build": "vite build && esbuild server/index.ts --platform=node --packages=external --bundle --format=esm --outdir=dist",
    "start": "NODE_ENV=production node dist/index.js",
    "check": "tsc",
    "db:push": "drizzle-kit push",
    "db:generate": "drizzle-kit generate",
    "db:studio": "drizzle-kit studio"
  },
  "dependencies": {
    "@hookform/resolvers": "^3.10.0",
    "@jridgewell/trace-mapping": "^0.3.25",
    "@neondatabase/serverless": "^0.10.4",
    "@radix-ui/react-accordion": "^1.2.4",
    "@radix-ui/react-alert-dialog": "^1.1.7",
    "@radix-ui/react-aspect-ratio": "^1.1.3",
    "@radix-ui/react-avatar": "^1.1.4",
    "@radix-ui/react-checkbox": "^1.1.5",
    "@radix-ui/react-collapsible": "^1.1.4",
    "@radix-ui/react-context-menu": "^2.2.7",
    "@radix-ui/react-dialog": "^1.1.7",
    "@radix-ui/react-dropdown-menu": "^2.1.7",
    "@radix-ui/react-hover-card": "^1.1.7",
    "@radix-ui/react-label": "^2.1.3",
    "@radix-ui/react-menubar": "^1.1.7",
    "@radix-ui/react-navigation-menu": "^1.2.6",
    "@radix-ui/react-popover": "^1.1.7",
    "@radix-ui/react-progress": "^1.1.3",
    "@radix-ui/react-radio-group": "^1.2.4",
    "@radix-ui/react-scroll-area": "^1.2.4",
    "@radix-ui/react-select": "^2.1.7",
    "@radix-ui/react-separator": "^1.1.3",
    "@radix-ui/react-slider": "^1.2.4",
    "@radix-ui/react-slot": "^1.2.0",
    "@radix-ui/react-switch": "^1.1.4",
    "@radix-ui/react-tabs": "^1.1.4",
    "@radix-ui/react-toast": "^1.2.7",
    "@radix-ui/react-toggle": "^1.1.4",
    "@radix-ui/react-toggle-group": "^1.1.4",
    "@radix-ui/react-tooltip": "^1.1.8",
    "@replit/vite-plugin-cartographer": "^1.0.14",
    "@replit/vite-plugin-runtime-error-modal": "^1.0.11",
    "@tailwindcss/typography": "^0.5.15",
    "@tailwindcss/vite": "^4.0.5",
    "@tanstack/react-query": "^5.60.5",
    "@types/connect-pg-simple": "^9.0.3",
    "@types/express": "^5.0.0",
    "@types/express-session": "^1.18.0",
    "@types/node": "^22.10.2",
    "@types/node-telegram-bot-api": "^0.64.7",
    "@types/passport": "^1.0.16",
    "@types/passport-local": "^1.0.38",
    "@types/react": "^18.3.14",
    "@types/react-dom": "^18.3.1",
    "@types/ws": "^8.5.13",
    "@vitejs/plugin-react": "^4.3.4",
    "autoprefixer": "^10.4.20",
    "class-variance-authority": "^0.7.1",
    "clsx": "^2.1.1",
    "cmdk": "^1.0.4",
    "connect-pg-simple": "^10.0.0",
    "date-fns": "^4.1.0",
    "drizzle-kit": "^0.27.2",
    "drizzle-orm": "^0.36.4",
    "drizzle-zod": "^0.5.1",
    "embla-carousel-react": "^8.6.0",
    "esbuild": "^0.24.2",
    "express": "^4.21.2",
    "express-session": "^1.18.1",
    "framer-motion": "^11.15.0",
    "input-otp": "^1.4.1",
    "lucide-react": "^0.468.0",
    "memorystore": "^1.6.7",
    "nanoid": "^5.0.9",
    "next-themes": "^0.4.4",
    "node-telegram-bot-api": "^0.66.0",
    "passport": "^0.7.0",
    "passport-local": "^1.0.0",
    "postcss": "^8.5.11",
    "react": "^18.3.1",
    "react-day-picker": "^9.2.4",
    "react-dom": "^18.3.1",
    "react-hook-form": "^7.54.1",
    "react-icons": "^5.4.0",
    "react-resizable-panels": "^2.1.8",
    "recharts": "^2.13.3",
    "tailwind-merge": "^2.5.5",
    "tailwindcss": "^3.4.17",
    "tailwindcss-animate": "^1.0.7",
    "tsx": "^4.19.2",
    "tw-animate-css": "^0.9.0",
    "typescript": "^5.7.2",
    "vaul": "^1.1.1",
    "vite": "^6.0.3",
    "wouter": "^3.3.7",
    "ws": "^8.18.0",
    "zod": "^3.23.8",
    "zod-validation-error": "^3.4.0"
  }
}