{
  "version": 2,
  "env": {
    "NODE_ENV": "production"
  },
  "builds": [
    {
      "src": "server/index.ts",
      "use": "@vercel/node",
      "config": {
        "includeFiles": ["server/**", "shared/**", "client/dist/**"]
      }
    }
  ],
  "routes": [
    {
      "src": "/api/(.*)",
      "dest": "/server/index.ts"
    },
    {
      "src": "/webhook",
      "dest": "/server/index.ts"
    },
    {
      "src": "/(.*)",
      "dest": "/server/index.ts"
    }
  ],
  "functions": {
    "server/index.ts": {
      "maxDuration": 30
    }
  }
}